<?xml version="1.0" encoding="utf-8" ?>
<dwsync>
<file name="navigation_hover.jpg" server="newnumyspace.co.uk" local="130610190720000000" remote="130615628680000000" Dst="1" />
<file name="logo.jpg" server="newnumyspace.co.uk" local="130610190680000000" remote="130615628680000000" Dst="1" />
<file name="content_text.jpg" server="newnumyspace.co.uk" local="130610190660000000" remote="130615628680000000" Dst="1" />
<file name="content_text.jpg" server="E:/xampp/htdocs/holidays/" local="130609866660000000" remote="130609866660000000" Dst="2" />
<file name="logo.jpg" server="E:/xampp/htdocs/holidays/" local="130609866680000000" remote="130609866680000000" Dst="2" />
<file name="navigation_hover.jpg" server="E:/xampp/htdocs/holidays/" local="130609866720000000" remote="130609866720000000" Dst="2" />
<file name="logo.jpg" server="newnumyspace.co.uk//home/unn_w14025337/public_html/PremierChoiceHolidaysnew/" local="130609866680000000" remote="130724039340000000" Dst="2" />
<file name="navigation_hover.jpg" server="newnumyspace.co.uk//home/unn_w14025337/public_html/PremierChoiceHolidaysnew/" local="130609866720000000" remote="130724039340000000" Dst="2" />
<file name="content_text.jpg" server="newnumyspace.co.uk//home/unn_w14025337/public_html/PremierChoiceHolidaysnew/" local="130609866660000000" remote="130724039340000000" Dst="2" />
<file name="form_transparent.png" server="newnumyspace.co.uk//home/unn_w14025337/public_html/PremierChoiceHolidaysnew/" local="130724034740000000" remote="130724039460000000" Dst="2" />
</dwsync>