<?xml version="1.0" encoding="utf-8" ?>
<dwsync>
<file name="Image-content-one.jpg" server="newnumyspace.co.uk" local="130610190840000000" remote="130615628680000000" Dst="1" />
<file name="Full-sizetext.jpg" server="newnumyspace.co.uk" local="130610190800000000" remote="130615628690000000" Dst="1" />
<file name="Celebrity-Cruises.jpg" server="newnumyspace.co.uk" local="130610190760000000" remote="130615628690000000" Dst="1" />
<file name="Dubai-04.jpg" server="newnumyspace.co.uk" local="130610190800000000" remote="130615628690000000" Dst="1" />
<file name="Celebrity-Cruises.jpg" server="E:/xampp/htdocs/holidays/" local="130609866760000000" remote="130609866760000000" Dst="2" />
<file name="Dubai-04.jpg" server="E:/xampp/htdocs/holidays/" local="130609866800000000" remote="130609866800000000" Dst="2" />
<file name="Full-sizetext.jpg" server="E:/xampp/htdocs/holidays/" local="130609866800000000" remote="130609866800000000" Dst="2" />
<file name="Image-content-one.jpg" server="E:/xampp/htdocs/holidays/" local="130609866840000000" remote="130609866840000000" Dst="2" />
<file name="Full-sizetext.jpg" server="newnumyspace.co.uk//home/unn_w14025337/public_html/PremierChoiceHolidaysnew/" local="130609866800000000" remote="130724039350000000" Dst="2" />
<file name="Image-content-one.jpg" server="newnumyspace.co.uk//home/unn_w14025337/public_html/PremierChoiceHolidaysnew/" local="130609866840000000" remote="130724039350000000" Dst="2" />
<file name="Celebrity-Cruises.jpg" server="newnumyspace.co.uk//home/unn_w14025337/public_html/PremierChoiceHolidaysnew/" local="130609866760000000" remote="130724039350000000" Dst="2" />
<file name="Dubai-04.jpg" server="newnumyspace.co.uk//home/unn_w14025337/public_html/PremierChoiceHolidaysnew/" local="130609866800000000" remote="130724039360000000" Dst="2" />
</dwsync>